"","edf","Ref.df","Chi.sq","p-value"
"t2(bins,abs.lat)",13.4642591289137,15.2838942258339,50.7918595513627,4.32569265458316e-05
