"","edf","Ref.df","Chi.sq","p-value"
"t2(bins,abs.lat)",15.5408853852112,16.6560854917875,121.244543656493,0
