"","edf","Ref.df","Chi.sq","p-value"
"s(bins)",14.0436050898999,17.3598542230231,259.36774974713,0
